<?xml version="1.0" encoding="utf-8"?>
<feed xmlns="http://www.w3.org/2005/Atom" xmlns:media="http://search.yahoo.com/mrss/">
    <title>ПЕРЕВАЛ ДЯТЛОВА </title>
    <link href="https://dyatlovpass.netlify.app/feed.xml" rel="self" />
    <link href="https://dyatlovpass.netlify.app" />
    <updated>2024-03-29T12:19:51+03:00</updated>
    <author>
        <name>#</name>
    </author>
    <id>https://dyatlovpass.netlify.app</id>

    <entry>
        <title>РАССЛЕДОВАНИЕ</title>
        <author>
            <name>#</name>
        </author>
        <link href="https://dyatlovpass.netlify.app/rassledovanie/"/>
        <id>https://dyatlovpass.netlify.app/rassledovanie/</id>
        <media:content url="https://dyatlovpass.netlify.app/media/posts/6/c8e2542s-960.jpg" medium="image" />

        <updated>2024-03-29T11:00:06+03:00</updated>
            <summary>
                <![CDATA[
                        <img src="https://dyatlovpass.netlify.app/media/posts/6/c8e2542s-960.jpg" alt="" />
                    9 марта 1959 года Юрий Дорошенко и Зина Колмогорова обрели последний покой&hellip;
                ]]>
            </summary>
        <content type="html">
            <![CDATA[
                    <p><img src="https://dyatlovpass.netlify.app/media/posts/6/c8e2542s-960.jpg" class="type:primaryImage" alt="" /></p>
                <p>9 марта 1959 года Юрий Дорошенко и Зина Колмогорова обрели последний покой на Михайловском кладбище , а Юрий (Георгий) Кривонищенко был похоронен на Ивановском кладбище . 10 марта 1959 года на Михайловском кладбище были похоронены Игорь Дятлов и Рустем Слободин .</p><p>Якименко, студент УПИ и участник поисковой операции:
«Объявление о похоронах я повесил в фойе главного корпуса УПИ. Через полчаса меня вызвали в партком УПИ, где секретарь , Касухин, упрекнул меня в беспокойстве и заставил снять листовки. Я отказался, но их все равно кто-то взял. Реакция секретаря парткома непонятна, видимо, он чего-то боится. 9 марта — обновленная информация: Сегодня будут похоронены только четыре человека, а Юрий Кривонищенко почему-то на другом, Ивановском кладбище, хотя его родители не возражали против того, чтобы его сына похоронили вместе с остальными. Мы повесили еще одно объявление о похоронах. Его тут же кто-то снес .Мы возмущены. Решили всем пойти по своему факультету и курсом пройтись по каждому классу и сообщить студентам о часе и месте похорон».</p><p>Власти окружили похороны большим количеством тумана и недомолвок, что сильно омрачило и без того неприятное событие. Сначала КПСС пыталась уговорить родителей погибших быстро и тихо похоронить своих детей в Ивделе, а родственникам-членам партии напоминали о «партийной совести» и недвусмысленно грозили выговором за упрямство привезти умерших в Ивдель. Свердловцы. Когда стало ясно, что все попытки добиться согласия на похороны в Ивделе не дали желаемого результата, партия отступила и разрешила похороны в Свердловске. Однако коммунистам не удалось получить полный контроль над тем, как будут организованы похороны. Двум листовкам удается уйти от цензуры, уведомляя о месте и времени гражданских похорон. Сокрытие подробностей похорон было сделано, видимо, для того, чтобы ограничить количество пришедших на них людей. Тем не менее 9 марта 1959 года собралась многотысячная толпа. Когда процессия дошла до Михайловского кладбища, похоронную процессию пропустили не через главные ворота, а с прилегающей улицы, для чего пришлось разобрать ограду. Вот к чему сводилось хамское отношение власти к народу.</p><p>Тот факт, что советское правительство вело себя с народом так бессовестно и неуважительно, не должен вызывать удивления. Советский Союз не топил корабли, не падали самолеты и не взрывались ракеты, а провозглашался только трудовой героизм. Любые разговоры о катастрофах, социальных волнениях и массовых смертях расценивались властями как «идеологическая диверсия» и пресекались максимально быстро и жестко. Власти патологически боялись любой негативной информации, которая могла бы хотя бы косвенно бросить тень на советское правительство как лучшее в мире. Отсюда иррациональная боязнь сказать или допустить лишнее, определявшая логику многих действий Коммунистической партии и советского руководства на всех уровнях бюрократической иерархии в СССР. Гибель группы Дятлова, казалось бы, никоим образом не могла дискредитировать КПСС и советское правительство, однако сами власти этого не учли и попытались организовать в марте 1959 года похоронные процессии, чтобы о них меньше говорили в городе. . Это оказался не самый умный ход, поскольку о погибших туристах в Свердловске еще много говорили, но кроме этого это было возмущение несправедливым отношением властей к трагедии.</p><p>Несмотря на или, возможно, из-за напряженных усилий властей по ограничению интереса к похоронам, число скорбящих было огромным. Планировалось, что процессия на мгновение остановится у университета, где они все учились. Полиция, конечно, этого не допустила, и всю толпу развернули и заставили следовать альтернативным маршрутом. Юрий Кунцевич, глава Фонда Дятлова в Екатеринбурге, рассказал: «Я тогда жил рядом с кладбищем, мне было 12 лет, поэтому мне было очень интересно. Я пытался протиснуться сквозь толпу, чтобы все увидеть, но это было невозможно. Меня поразили некоторые люди в толпе. Они носили фетровые шляпы в стиле трилби, брюки для верховой езды или мотоциклетные брюки. Они наблюдали за процессией с пустыми лицами, ничего не выражая. Я стоял на куче земли у могилы и находился примерно в восьми метрах от тел. Их кожа имела кирпичный цвет , и я видел, как некоторые студенты помогали опускать гробы в могилы. Говорили, что они были там, несмотря на то, что им запрещали покидать занятия, чтобы посещать занятия».</p><p>«С НИМИ ДОЛЖЕН БЫЛ БЫТЬ Я!». ОДНОКУРСНИК ДЯТЛОВА О РОКОВОМ ПОХОДЕ</p><p>Юрий Бондарев
Челябинца Юрия Бондарева судьба столкнула с участниками туристического похода Игоря Дятлова более 50 лет назад. Тогда студенту Уральского политехнического института поручили забрать тела погибших ребят из морга. Этот наказ мужчина помнит до сих пор. Как и одного из дятловцев, Рустема Слободина, с которым учился вместе и был хорошо знаком.</p><p>В 1959 году Бондарев учился в Свердловске на пятом курсе механического факультета Уральского политехнического института, занимался в секции лёгкой атлетики. Сокурсник Анатолий Глазунов приобщил приятеля к туризму, так что интересы были общие и вне занятий. О том, что Рустик (так звали в компании Слободина) ушёл в поход, знали.</p><p>Почему люди испугались
«После производственной практики в Таганроге мы с однокурсником Виктором Лебедевым застряли в Москве, — вспоминает Юрий Анатольевич. — Вернулись в Свердловск, заходим в нашу комнату в общежитии, а там сидит совершенно подавленный Глазунов, говорит: «Рустик пропал! Связи с группой нет».</p><p>По институту поползли разные слухи, хотя никаких известий о судьбе группы не было. Пока наконец не нашли тела трёх человек — самого Игоря Дятлова, Зины Колмогоровой и Рустема Слободина. В начале марта Бондарева вызывали в комитет комсомола.</p><p>«Мне там сказали: «Ты должен забрать из морга тела трёх погибших из группы Дятлова и привезти на митинг у института, потом на кладбище. Не побоишься?» — рассказывает наш земляк. — И добавили: «Можешь отказаться». Я удивился: с чего, мол, мне отказываться? А мне прямо ответили: «Трое уже испугались». Я же не из пугливых, согласился. Дали мне машину грузовую, и я поехал в морг. Это было где-то на дальнем конце города, на улице Щорса вроде. Первым я узнал Дятлова, хотя до того видел его пару раз. Поразило меня то, что более 90% тела у погибших было какого-то тёмного, почти шоколадного цвета, даже с фиолетовым оттенком — запомнил, потому что на этом фоне резко выделялись зубы. И по структуре кожа была как рифлёная фотобумага. И вроде как-то меньше они стали, будто усохли».</p><p>Тела в гробах погрузили в кузов. Одна из сотрудниц морга сказала Юрию, чтобы тоже лез в кузов и придерживал гробы, которые могло растрясти. Так Бондарев всю дорогу и ехал.</p><p>«На траурном митинге народу было очень много, — продолжает Юрий Анатольевич. — Помню, что мать Рустика не кричала, а просто постоянно тихо повторяла его имя. А имя Рустика на табличке с ошибкой написали — Руслан, хотя он Рустем. Я обратил на это внимание, просил поправить. Вообще, всё это сильное впечатление на меня произвело — неделю потом отходил. Лебедев собирался в конце апреля ехать к перевалу искать остальных, но тут пришло известие, что нашли всех. Я на вторые похороны уже не пошёл, мне хватило и первых».</p><p>О похоронах
знаю бесконечно мало. Я никого не знал, кроме Зины.</p><p>Гроб с Зиной выставили у нас в фойе общежития. «Почетный караул» был стихийным, кто хотел, тот стоял столько, сколько хотел. Я простоял минут 10 – 15. Лицо Зины было спокойным, без видимых внешних травм, но цвета очень густого шоколада, даже немного с небольшой синевой.</p><p>Фойе в нашем общежитии проходное и Зина лежала только вторую половину дня.</p><p>Я не знаю, кто и когда её положил. Когда пришёл из института, она уже лежала. Я зашёл в комнату к себе, некоторое время пробыл там, потом спустился вниз, у гроба кто-то стоял, я даже не обратил внимания, кто. Я подошёл к гробу. Лицо было не совсем знакомое. Пришлось присесть немного, чтобы разглядеть профиль. Да, была Зина. Постоял …. не глядя ни на кого, и ушёл к себе… Следующий выход в фойе был только утром. Гроба не было. Когда увезли, как увозили, кто увозил, я не видел.</p><p>Вот в этом вся правда.</p><p>В общаге стоял только гроб Зины, и только потому, что она жила здесь и другого дома у неё не было. Стоял ли кто-либо из родственников у гроба Колмогоровой? Нет, кроме студентов никого не было (во всяком случае, пока я был около неё). Когда я стоял, венков у её гроба не было. Может позднее приносили?</p><p>Хотелось бы прояснить,  кого и когда хоронили. По одним данным. 9 марта хоронили Зину, Юру Дорошенко. Юру Кривонищенко. А на следующий день хоронили Игоря и Рустема.
По немногим имеющимся фотографиям с похорон, мы видим только две машины,  на которых по обелиску и гробу. Это похороны Зины и вероятно Юры Дорошенко.
Фотографии  с похорон Игоря, Юры Кривонищенко и Рустема ( не говорю уже о последней четверке найденной в овраге) я лично не встречала в инете. Кто видел, и у кого они есть,   поделитесь,  пожалуйста, этими фотографиями.
У В.Ф. Богомолова прочитала вот что:
«Вспоминает В. Богомолов
В фойе десятого студенческого общежития на улице Ленина на табуретках выставлены в кумачовом убранстве гробы с телами Игоря Дятлова, Зины Колмогоровой, Юры Дорошенко и Рустика Слободина.
Крышки гробов открыты, и все прощающиеся, обходя по кругу, имеют возможность воочию разглядеть потухшие, с коричневатым оттенком и ссадинами лица наших умолкнувших друзей. Над ними безутешные склонились со слезами на глазах родители, родные и близкие покойных. Вот родные Зины Колмогоровой увидели нас, еще недавно побывавших у них в деревне после декабрьского агитпохода и певших вместе с Игорем и Зиной задорные и лирические песни, и, конечно, новый всплеск рыданий. Трудно выдержать, слезы застилают глаза.
Похоронная процессия выстраивается на улице Ленина и колонной направляется к Политехническому институту, чтобы уходящие от нас ребята могли проститься с учебными корпусами родной «альма матер». Но и здесь студентам не дают достойно попрощаться с ребятами. Стоящий на перекрестке офицер милиции направляет колонну с улицы Ленина на улицу Кузбасскую (ныне улица Гагарина). Колонна движется по предназначенному ей коридору до разобранного кладбищенского забора на повороте улицы Кузбасской. Там уже выкопаны могилы. «Дятловцы» на бережных руках друзей отправляются в свой последний путь. «
Ничего не говорится о Юре Кривонищенко!!! По некоторым данным,  его гроб,  единственный из всех,  был закрыт.</p>
            ]]>
        </content>
    </entry>
    <entry>
        <title>О ПРОЕКТЕ</title>
        <author>
            <name>#</name>
        </author>
        <link href="https://dyatlovpass.netlify.app/o-proekte/"/>
        <id>https://dyatlovpass.netlify.app/o-proekte/</id>
        <media:content url="https://dyatlovpass.netlify.app/media/posts/4/171424_Gora_Holatchahly_mesto_gde_stoyala_palatka_dyatlovtsev_250x0_6000.4000.0.0.jpg" medium="image" />

        <updated>2024-03-21T04:21:39+03:00</updated>
            <summary>
                <![CDATA[
                        <img src="https://dyatlovpass.netlify.app/media/posts/4/171424_Gora_Holatchahly_mesto_gde_stoyala_palatka_dyatlovtsev_250x0_6000.4000.0.0.jpg" alt="" />
                    Дело группы Дятлова не имеет никакого отношения к событиям произошедшим вечером 1&hellip;
                ]]>
            </summary>
        <content type="html">
            <![CDATA[
                    <p><img src="https://dyatlovpass.netlify.app/media/posts/4/171424_Gora_Holatchahly_mesto_gde_stoyala_palatka_dyatlovtsev_250x0_6000.4000.0.0.jpg" class="type:primaryImage" alt="" /></p>
                <pre class="language-apacheconf"><code></code></pre>
<p class="msg msg--info">Дело группы Дятлова не имеет никакого отношения к событиям произошедшим вечером 1 февраля. Со сцены конференции 2024 года прозвучали рекомендации не осуждать действия следователей Окишева, Иванова и не строить выводы на основании дела без номера. Поэтому в нашем расследовании мы будем это учитывать.</p>
<p>
<script src="https://static.elfsight.com/platform/platform.js" data-use-service-core="" defer="defer"></script>
</p>
<div class="elfsight-app-739539d7-27a8-4091-88a1-c148e402eff7" data-elfsight-app-lazy=""> </div>
            ]]>
        </content>
    </entry>
</feed>
